Model,Split,Precision,Recall,F1_Score,TN,FP,FN,TP,Predicted_Anomalies,True_Anomalies,ROC_AUC,Threshold,Training_Split,Warning_Horizon_Days
Isolation Forest Adaptive,Validation,0.08516483516483517,0.6888888888888889,0.15158924205378974,4494,666,28,62,728,90,0.886651593453919,,,
Autoencoder Adaptive,Validation,0.1592920353982301,0.6,0.2517482517482518,4875,285,36,54,339,90,0.886862618432386,,,
One-Class SVM Adaptive,Validation,0.17607223476297967,0.8666666666666667,0.2926829268292683,4795,365,12,78,443,90,0.9425732127476313,,,
Ensemble Majority Vote,Validation,0.1774193548387097,0.8555555555555555,0.29389312977099236,4803,357,13,77,434,90,0.9351701119724376,,,
Isolation Forest Adaptive,Test,0.09128065395095368,0.7444444444444445,0.16262135922330098,4503,667,23,67,734,90,0.9092112615516871,,,
Autoencoder Adaptive,Test,0.1425661914460285,0.7777777777777778,0.24096385542168675,4749,421,20,70,491,90,0.9235804857081452,,,
One-Class SVM Adaptive,Test,0.20718232044198895,0.8333333333333334,0.33185840707964603,4883,287,15,75,362,90,0.968166774124221,,,
Ensemble Majority Vote,Test,0.20812182741116753,0.9111111111111111,0.33884297520661155,4858,312,8,82,394,90,0.9668772834730281,,,
Supervised Early Warning,Test,0.5714285714285714,0.24444444444444444,0.3424124513618677,5047,33,136,44,77,180,0.7763287401574804,0.45450865017472947,Validation,3.0
